Timeline,Start time,Duration,Row,Instance number,OUTCOME,PLAYER'S NAME,Shot Direction,Stroke,Ungrouped,Notes,Flags
PMM2025_R16_WD_GO PEI KEE & TEOH MEI XING (MAS) - JIA YI FAN & ZHANG SHU XIAN (CHN),30.094834807999508,16.10071503661668,RALLY,1,,,,,,net - hard drive,
PMM2025_R16_WD_GO PEI KEE & TEOH MEI XING (MAS) - JIA YI FAN & ZHANG SHU XIAN (CHN),58.867673903425704,5.648150485134373,RALLY,2,,,,,,soft drive - block,
PMM2025_R16_WD_GO PEI KEE & TEOH MEI XING (MAS) - JIA YI FAN & ZHANG SHU XIAN (CHN),77.41398568156266,23.40326361204616,RALLY,3,,,,,,defend - smash,
PMM2025_R16_WD_GO PEI KEE & TEOH MEI XING (MAS) - JIA YI FAN & ZHANG SHU XIAN (CHN),114.3953809809995,24.86781236634144,RALLY,4,,,,,,defend - defend,
PMM2025_R16_WD_GO PEI KEE & TEOH MEI XING (MAS) - JIA YI FAN & ZHANG SHU XIAN (CHN),199.29814314131818,4.117180559366346,RALLY,5,,,,,,serve,
PMM2025_R16_WD_GO PEI KEE & TEOH MEI XING (MAS) - JIA YI FAN & ZHANG SHU XIAN (CHN),213.13692146644428,6.279877962781114,RALLY,6,,,,,,receive serves,
PMM2025_R16_WD_GO PEI KEE & TEOH MEI XING (MAS) - JIA YI FAN & ZHANG SHU XIAN (CHN),229.69571347499888,9.318019939082888,RALLY,7,,,,,,smash - tap,
PMM2025_R16_WD_GO PEI KEE & TEOH MEI XING (MAS) - JIA YI FAN & ZHANG SHU XIAN (CHN),250.1750166851991,7.72294202840996,RALLY,8,,,,,,block - tap,
PMM2025_R16_WD_GO PEI KEE & TEOH MEI XING (MAS) - JIA YI FAN & ZHANG SHU XIAN (CHN),272.3947252809998,8.39758639827852,RALLY,9,,,,,,smash - hard drive,
PMM2025_R16_WD_GO PEI KEE & TEOH MEI XING (MAS) - JIA YI FAN & ZHANG SHU XIAN (CHN),293.71583523471196,4.911868194749275,RALLY,10,,,,,,soft drive - hard drive,
PMM2025_R16_WD_GO PEI KEE & TEOH MEI XING (MAS) - JIA YI FAN & ZHANG SHU XIAN (CHN),308.6947226739966,8.990065193137696,RALLY,11,,,,,,defend - defend,
PMM2025_R16_WD_GO PEI KEE & TEOH MEI XING (MAS) - JIA YI FAN & ZHANG SHU XIAN (CHN),330.19485004500115,11.927107326156147,RALLY,12,,,,,,drop - tap,
PMM2025_R16_WD_GO PEI KEE & TEOH MEI XING (MAS) - JIA YI FAN & ZHANG SHU XIAN (CHN),400.995118756999,14.203988101656307,RALLY,13,,,,,,clear - hard drive,
PMM2025_R16_WD_GO PEI KEE & TEOH MEI XING (MAS) - JIA YI FAN & ZHANG SHU XIAN (CHN),443.4952616869981,6.113050956651932,RALLY,14,,,,,,block - clear,
PMM2025_R16_WD_GO PEI KEE & TEOH MEI XING (MAS) - JIA YI FAN & ZHANG SHU XIAN (CHN),522.4978504769929,14.06027274153098,RALLY,15,,,,,,smash - smash,
PMM2025_R16_WD_GO PEI KEE & TEOH MEI XING (MAS) - JIA YI FAN & ZHANG SHU XIAN (CHN),548.9080549847935,7.462607206427833,RALLY,16,,,,,,defend - defend,
PMM2025_R16_WD_GO PEI KEE & TEOH MEI XING (MAS) - JIA YI FAN & ZHANG SHU XIAN (CHN),567.8966639640001,23.489215943468594,RALLY,17,,,,,,smash - smash,
PMM2025_R16_WD_GO PEI KEE & TEOH MEI XING (MAS) - JIA YI FAN & ZHANG SHU XIAN (CHN),614.6953775329996,12.340101306387055,RALLY,18,,,,,,clear - defend,
PMM2025_R16_WD_GO PEI KEE & TEOH MEI XING (MAS) - JIA YI FAN & ZHANG SHU XIAN (CHN),638.5050938506733,4.341147194287146,RALLY,19,,,,,,receive serves,
PMM2025_R16_WD_GO PEI KEE & TEOH MEI XING (MAS) - JIA YI FAN & ZHANG SHU XIAN (CHN),659.7764672589639,6.927166079747053,RALLY,20,,,,,,clear - defend,
PMM2025_R16_WD_GO PEI KEE & TEOH MEI XING (MAS) - JIA YI FAN & ZHANG SHU XIAN (CHN),679.596165500999,31.283789876625065,RALLY,21,,,,,,defend - defend,
PMM2025_R16_WD_GO PEI KEE & TEOH MEI XING (MAS) - JIA YI FAN & ZHANG SHU XIAN (CHN),748.9364896599543,17.765415672800145,RALLY,22,,,,,,defend - defend,
PMM2025_R16_WD_GO PEI KEE & TEOH MEI XING (MAS) - JIA YI FAN & ZHANG SHU XIAN (CHN),787.3933009729999,7.933084111187668,RALLY,23,,,,,,defend - tap,
PMM2025_R16_WD_GO PEI KEE & TEOH MEI XING (MAS) - JIA YI FAN & ZHANG SHU XIAN (CHN),807.9910874379993,4.665166369940607,RALLY,24,,,,,,receive serves,
PMM2025_R16_WD_GO PEI KEE & TEOH MEI XING (MAS) - JIA YI FAN & ZHANG SHU XIAN (CHN),821.4949763199992,8.713854627476735,RALLY,25,,,,,,smash - smash,
PMM2025_R16_WD_GO PEI KEE & TEOH MEI XING (MAS) - JIA YI FAN & ZHANG SHU XIAN (CHN),842.811530405069,5.9483149976116465,RALLY,26,,,,,,hard drive - smash,
PMM2025_R16_WD_GO PEI KEE & TEOH MEI XING (MAS) - JIA YI FAN & ZHANG SHU XIAN (CHN),860.9940046709995,16.8976982438312,RALLY,27,,,,,,defend - defend,
PMM2025_R16_WD_GO PEI KEE & TEOH MEI XING (MAS) - JIA YI FAN & ZHANG SHU XIAN (CHN),1008.1946138349973,8.257266240811646,RALLY,28,,,,,,hard drive - hard drive,
PMM2025_R16_WD_GO PEI KEE & TEOH MEI XING (MAS) - JIA YI FAN & ZHANG SHU XIAN (CHN),1028.4955270859973,15.92568090613895,RALLY,29,,,,,,clear - defend,
PMM2025_R16_WD_GO PEI KEE & TEOH MEI XING (MAS) - JIA YI FAN & ZHANG SHU XIAN (CHN),1059.594158685,7.174265917021103,RALLY,30,,,,,,lob - tap,
PMM2025_R16_WD_GO PEI KEE & TEOH MEI XING (MAS) - JIA YI FAN & ZHANG SHU XIAN (CHN),1092.09598826,15.93153928340962,RALLY,31,,,,,,defend - defend,
PMM2025_R16_WD_GO PEI KEE & TEOH MEI XING (MAS) - JIA YI FAN & ZHANG SHU XIAN (CHN),1129.3932159099998,7.174989625692888,RALLY,32,,,,,,receive serves,
PMM2025_R16_WD_GO PEI KEE & TEOH MEI XING (MAS) - JIA YI FAN & ZHANG SHU XIAN (CHN),1145.3947485869999,11.9822486950859,RALLY,33,,,,,,clear - defend,
PMM2025_R16_WD_GO PEI KEE & TEOH MEI XING (MAS) - JIA YI FAN & ZHANG SHU XIAN (CHN),1171.6968503459993,8.962987914219411,RALLY,34,,,,,,defend - clear,
PMM2025_R16_WD_GO PEI KEE & TEOH MEI XING (MAS) - JIA YI FAN & ZHANG SHU XIAN (CHN),1196.9951670259998,10.966937221767921,RALLY,35,,,,,,clear - hard drive,
PMM2025_R16_WD_GO PEI KEE & TEOH MEI XING (MAS) - JIA YI FAN & ZHANG SHU XIAN (CHN),1260.6949352099996,8.926374049568949,RALLY,36,,,,,,soft drive - clear,
PMM2025_R16_WD_GO PEI KEE & TEOH MEI XING (MAS) - JIA YI FAN & ZHANG SHU XIAN (CHN),1310.3953025919996,7.1982218596065195,RALLY,37,,,,,,smash - tap,
PMM2025_R16_WD_GO PEI KEE & TEOH MEI XING (MAS) - JIA YI FAN & ZHANG SHU XIAN (CHN),1329.7949616519988,4.908910721153688,RALLY,38,,,,,,receive serves,
PMM2025_R16_WD_GO PEI KEE & TEOH MEI XING (MAS) - JIA YI FAN & ZHANG SHU XIAN (CHN),1347.093416317,9.775986535693164,RALLY,39,,,,,,smash - block,
PMM2025_R16_WD_GO PEI KEE & TEOH MEI XING (MAS) - JIA YI FAN & ZHANG SHU XIAN (CHN),1417.8957149549997,6.2477911921807845,RALLY,40,,,,,,soft drive - smash,
PMM2025_R16_WD_GO PEI KEE & TEOH MEI XING (MAS) - JIA YI FAN & ZHANG SHU XIAN (CHN),1439.976027979,7.938552450505313,RALLY,41,,,,,,lob - clear,
PMM2025_R16_WD_GO PEI KEE & TEOH MEI XING (MAS) - JIA YI FAN & ZHANG SHU XIAN (CHN),1481.6950187349987,4.935357589937212,RALLY,42,,,,,,receive serves,
PMM2025_R16_WD_GO PEI KEE & TEOH MEI XING (MAS) - JIA YI FAN & ZHANG SHU XIAN (CHN),1498.597380512999,13.702153609900733,RALLY,43,,,,,,clear - defend,
PMM2025_R16_WD_GO PEI KEE & TEOH MEI XING (MAS) - JIA YI FAN & ZHANG SHU XIAN (CHN),1527.795625113999,8.4373077883306,RALLY,44,,,,,,clear - hard drive,
PMM2025_R16_WD_GO PEI KEE & TEOH MEI XING (MAS) - JIA YI FAN & ZHANG SHU XIAN (CHN),1612.3953140670008,10.432802444886647,RALLY,45,,,,,,smash - smash,
PMM2025_R16_WD_GO PEI KEE & TEOH MEI XING (MAS) - JIA YI FAN & ZHANG SHU XIAN (CHN),1635.9950555599992,5.836014595109873,RALLY,46,,,,,,smash - smash,
PMM2025_R16_WD_GO PEI KEE & TEOH MEI XING (MAS) - JIA YI FAN & ZHANG SHU XIAN (CHN),1652.5945515899998,15.741498418728952,RALLY,47,,,,,,block - smash,
PMM2025_R16_WD_GO PEI KEE & TEOH MEI XING (MAS) - JIA YI FAN & ZHANG SHU XIAN (CHN),1688.7931137309993,10.503619124044462,RALLY,48,,,,,,smash - block,
PMM2025_R16_WD_GO PEI KEE & TEOH MEI XING (MAS) - JIA YI FAN & ZHANG SHU XIAN (CHN),1711.0949224779995,7.947718730515362,RALLY,49,,,,,,defend - defend,
PMM2025_R16_WD_GO PEI KEE & TEOH MEI XING (MAS) - JIA YI FAN & ZHANG SHU XIAN (CHN),1732.3948822839993,4.722900251588953,RALLY,50,,,,,,receive serves,
PMM2025_R16_WD_GO PEI KEE & TEOH MEI XING (MAS) - JIA YI FAN & ZHANG SHU XIAN (CHN),1749.195051338,25.631019652174473,RALLY,51,,,,,,drop - smash,
PMM2025_R16_WD_GO PEI KEE & TEOH MEI XING (MAS) - JIA YI FAN & ZHANG SHU XIAN (CHN),1794.9949193940001,14.279395159985825,RALLY,52,,,,,,block - smash,
PMM2025_R16_WD_GO PEI KEE & TEOH MEI XING (MAS) - JIA YI FAN & ZHANG SHU XIAN (CHN),1840.5960101940002,9.028516098873297,RALLY,53,,,,,,hard drive - block,
PMM2025_R16_WD_GO PEI KEE & TEOH MEI XING (MAS) - JIA YI FAN & ZHANG SHU XIAN (CHN),1889.796258033999,19.328098185622594,RALLY,54,,,,,,clear - defend,
PMM2025_R16_WD_GO PEI KEE & TEOH MEI XING (MAS) - JIA YI FAN & ZHANG SHU XIAN (CHN),1928.796223006999,6.536929464244622,RALLY,55,,,,,,receive serves,
PMM2025_R16_WD_GO PEI KEE & TEOH MEI XING (MAS) - JIA YI FAN & ZHANG SHU XIAN (CHN),1968.9923357799992,14.419486071357824,RALLY,56,,,,,,net - hard drive,
PMM2025_R16_WD_GO PEI KEE & TEOH MEI XING (MAS) - JIA YI FAN & ZHANG SHU XIAN (CHN),1999.3961959359995,3.8876431324799796,RALLY,57,,,,,,receive serves,
PMM2025_R16_WD_GO PEI KEE & TEOH MEI XING (MAS) - JIA YI FAN & ZHANG SHU XIAN (CHN),2013.2950974,30.919200892549043,RALLY,58,,,,,,lob - defend,
PMM2025_R16_WD_GO PEI KEE & TEOH MEI XING (MAS) - JIA YI FAN & ZHANG SHU XIAN (CHN),2101.496024922,33.712859094815485,RALLY,59,,,,,,clear - defend,
PMM2025_R16_WD_GO PEI KEE & TEOH MEI XING (MAS) - JIA YI FAN & ZHANG SHU XIAN (CHN),2175.292706473,6.645834511524754,RALLY,60,,,,,,serve - hard drive,
PMM2025_R16_WD_GO PEI KEE & TEOH MEI XING (MAS) - JIA YI FAN & ZHANG SHU XIAN (CHN),2213.5949996979994,5.036372721545831,RALLY,61,,,,,,soft drive - block,
PMM2025_R16_WD_GO PEI KEE & TEOH MEI XING (MAS) - JIA YI FAN & ZHANG SHU XIAN (CHN),42.622827752,4.0,CHINA,1,ERROR,,,,,,
PMM2025_R16_WD_GO PEI KEE & TEOH MEI XING (MAS) - JIA YI FAN & ZHANG SHU XIAN (CHN),199.372380556,4.0,CHINA,2,WINNER,,,,,,
PMM2025_R16_WD_GO PEI KEE & TEOH MEI XING (MAS) - JIA YI FAN & ZHANG SHU XIAN (CHN),234.940256547,4.0,CHINA,3,WINNER,,,,,,
PMM2025_R16_WD_GO PEI KEE & TEOH MEI XING (MAS) - JIA YI FAN & ZHANG SHU XIAN (CHN),254.169750207,4.0,CHINA,4,WINNER,,,,,,
PMM2025_R16_WD_GO PEI KEE & TEOH MEI XING (MAS) - JIA YI FAN & ZHANG SHU XIAN (CHN),276.690110324,4.0,CHINA,5,WINNER,,,,,,
PMM2025_R16_WD_GO PEI KEE & TEOH MEI XING (MAS) - JIA YI FAN & ZHANG SHU XIAN (CHN),294.313333333,4.0,CHINA,6,WINNER,,,,,,
PMM2025_R16_WD_GO PEI KEE & TEOH MEI XING (MAS) - JIA YI FAN & ZHANG SHU XIAN (CHN),338.22675394,4.0,CHINA,7,WINNER,,,,,,
PMM2025_R16_WD_GO PEI KEE & TEOH MEI XING (MAS) - JIA YI FAN & ZHANG SHU XIAN (CHN),587.432179233,4.0,CHINA,8,WINNER,,,,,,
PMM2025_R16_WD_GO PEI KEE & TEOH MEI XING (MAS) - JIA YI FAN & ZHANG SHU XIAN (CHN),706.80392824,4.0,CHINA,9,ERROR,,,,,,
PMM2025_R16_WD_GO PEI KEE & TEOH MEI XING (MAS) - JIA YI FAN & ZHANG SHU XIAN (CHN),791.482725564,4.0,CHINA,10,WINNER,,,,,,
PMM2025_R16_WD_GO PEI KEE & TEOH MEI XING (MAS) - JIA YI FAN & ZHANG SHU XIAN (CHN),826.170127244,4.0,CHINA,11,WINNER,,,,,,
PMM2025_R16_WD_GO PEI KEE & TEOH MEI XING (MAS) - JIA YI FAN & ZHANG SHU XIAN (CHN),844.737160305,4.0,CHINA,12,WINNER,,,,,,
PMM2025_R16_WD_GO PEI KEE & TEOH MEI XING (MAS) - JIA YI FAN & ZHANG SHU XIAN (CHN),1012.534915059,4.0,CHINA,13,ERROR,,,,,,
PMM2025_R16_WD_GO PEI KEE & TEOH MEI XING (MAS) - JIA YI FAN & ZHANG SHU XIAN (CHN),1040.358402344,4.0,CHINA,14,ERROR,,,,,,
PMM2025_R16_WD_GO PEI KEE & TEOH MEI XING (MAS) - JIA YI FAN & ZHANG SHU XIAN (CHN),1153.3105127,4.0,CHINA,15,ERROR,,,,,,
PMM2025_R16_WD_GO PEI KEE & TEOH MEI XING (MAS) - JIA YI FAN & ZHANG SHU XIAN (CHN),1203.978366996,4.0,CHINA,16,WINNER,,,,,,
PMM2025_R16_WD_GO PEI KEE & TEOH MEI XING (MAS) - JIA YI FAN & ZHANG SHU XIAN (CHN),1313.74222483,4.0,CHINA,17,WINNER,,,,,,
PMM2025_R16_WD_GO PEI KEE & TEOH MEI XING (MAS) - JIA YI FAN & ZHANG SHU XIAN (CHN),1353.085529456,4.0,CHINA,18,WINNER,,,,,,
PMM2025_R16_WD_GO PEI KEE & TEOH MEI XING (MAS) - JIA YI FAN & ZHANG SHU XIAN (CHN),1420.239275713,4.0,CHINA,19,ERROR,,,,,,
PMM2025_R16_WD_GO PEI KEE & TEOH MEI XING (MAS) - JIA YI FAN & ZHANG SHU XIAN (CHN),1532.239419634,4.0,CHINA,20,WINNER,,,,,,
PMM2025_R16_WD_GO PEI KEE & TEOH MEI XING (MAS) - JIA YI FAN & ZHANG SHU XIAN (CHN),1770.79325877,4.0,CHINA,21,WINNER,,,,,,
PMM2025_R16_WD_GO PEI KEE & TEOH MEI XING (MAS) - JIA YI FAN & ZHANG SHU XIAN (CHN),1845.657277934,4.0,CHINA,22,WINNER,,,,,,
PMM2025_R16_WD_GO PEI KEE & TEOH MEI XING (MAS) - JIA YI FAN & ZHANG SHU XIAN (CHN),1979.366183449,4.0,CHINA,23,ERROR,,,,,,
PMM2025_R16_WD_GO PEI KEE & TEOH MEI XING (MAS) - JIA YI FAN & ZHANG SHU XIAN (CHN),1999.92490362413,3.4294691778700326,CHINA,24,ERROR,,,,,,
PMM2025_R16_WD_GO PEI KEE & TEOH MEI XING (MAS) - JIA YI FAN & ZHANG SHU XIAN (CHN),2040.28843728,4.0,CHINA,25,ERROR,,,,,,
PMM2025_R16_WD_GO PEI KEE & TEOH MEI XING (MAS) - JIA YI FAN & ZHANG SHU XIAN (CHN),2177.864330309,4.0,CHINA,26,WINNER,,,,,,
PMM2025_R16_WD_GO PEI KEE & TEOH MEI XING (MAS) - JIA YI FAN & ZHANG SHU XIAN (CHN),60.326604459,4.000000000000007,MALAYSIA,1,ERROR,,,,,,
PMM2025_R16_WD_GO PEI KEE & TEOH MEI XING (MAS) - JIA YI FAN & ZHANG SHU XIAN (CHN),97.263672695,4.0,MALAYSIA,2,WINNER,,,,,,
PMM2025_R16_WD_GO PEI KEE & TEOH MEI XING (MAS) - JIA YI FAN & ZHANG SHU XIAN (CHN),135.523835325,4.0,MALAYSIA,3,ERROR,,,,,,
PMM2025_R16_WD_GO PEI KEE & TEOH MEI XING (MAS) - JIA YI FAN & ZHANG SHU XIAN (CHN),215.358096276,4.0,MALAYSIA,4,ERROR,,,,,,
PMM2025_R16_WD_GO PEI KEE & TEOH MEI XING (MAS) - JIA YI FAN & ZHANG SHU XIAN (CHN),313.696757743,4.0,MALAYSIA,5,ERROR,,,,,,
PMM2025_R16_WD_GO PEI KEE & TEOH MEI XING (MAS) - JIA YI FAN & ZHANG SHU XIAN (CHN),411.239454375,4.0,MALAYSIA,6,WINNER,,,,,,
PMM2025_R16_WD_GO PEI KEE & TEOH MEI XING (MAS) - JIA YI FAN & ZHANG SHU XIAN (CHN),445.540265971,4.0,MALAYSIA,7,ERROR,,,,,,
PMM2025_R16_WD_GO PEI KEE & TEOH MEI XING (MAS) - JIA YI FAN & ZHANG SHU XIAN (CHN),532.533996423,4.0,MALAYSIA,8,WINNER,,,,,,
PMM2025_R16_WD_GO PEI KEE & TEOH MEI XING (MAS) - JIA YI FAN & ZHANG SHU XIAN (CHN),552.321514464,4.0,MALAYSIA,9,ERROR,,,,,,
PMM2025_R16_WD_GO PEI KEE & TEOH MEI XING (MAS) - JIA YI FAN & ZHANG SHU XIAN (CHN),622.917255342,4.0,MALAYSIA,10,ERROR,,,,,,
PMM2025_R16_WD_GO PEI KEE & TEOH MEI XING (MAS) - JIA YI FAN & ZHANG SHU XIAN (CHN),638.833333333,4.0,MALAYSIA,11,WINNER,,,,,,
PMM2025_R16_WD_GO PEI KEE & TEOH MEI XING (MAS) - JIA YI FAN & ZHANG SHU XIAN (CHN),662.868667547,4.0,MALAYSIA,12,ERROR,,,,,,
PMM2025_R16_WD_GO PEI KEE & TEOH MEI XING (MAS) - JIA YI FAN & ZHANG SHU XIAN (CHN),762.670469289,4.0,MALAYSIA,13,ERROR,,,,,,
PMM2025_R16_WD_GO PEI KEE & TEOH MEI XING (MAS) - JIA YI FAN & ZHANG SHU XIAN (CHN),808.818487456,4.0,MALAYSIA,14,ERROR,,,,,,
PMM2025_R16_WD_GO PEI KEE & TEOH MEI XING (MAS) - JIA YI FAN & ZHANG SHU XIAN (CHN),873.843691369,4.0,MALAYSIA,15,ERROR,,,,,,
PMM2025_R16_WD_GO PEI KEE & TEOH MEI XING (MAS) - JIA YI FAN & ZHANG SHU XIAN (CHN),1062.763998361,4.0,MALAYSIA,16,WINNER,,,,,,
PMM2025_R16_WD_GO PEI KEE & TEOH MEI XING (MAS) - JIA YI FAN & ZHANG SHU XIAN (CHN),1104.03957613,4.0,MALAYSIA,17,ERROR,,,,,,
PMM2025_R16_WD_GO PEI KEE & TEOH MEI XING (MAS) - JIA YI FAN & ZHANG SHU XIAN (CHN),1132.419376763,4.0,MALAYSIA,18,WINNER,,,,,,
PMM2025_R16_WD_GO PEI KEE & TEOH MEI XING (MAS) - JIA YI FAN & ZHANG SHU XIAN (CHN),1176.620295529,4.0,MALAYSIA,19,ERROR,,,,,,
PMM2025_R16_WD_GO PEI KEE & TEOH MEI XING (MAS) - JIA YI FAN & ZHANG SHU XIAN (CHN),1265.564344616,4.0,MALAYSIA,20,ERROR,,,,,,
PMM2025_R16_WD_GO PEI KEE & TEOH MEI XING (MAS) - JIA YI FAN & ZHANG SHU XIAN (CHN),1330.765584333,4.0,MALAYSIA,21,ERROR,,,,,,
PMM2025_R16_WD_GO PEI KEE & TEOH MEI XING (MAS) - JIA YI FAN & ZHANG SHU XIAN (CHN),1444.018042414,4.0,MALAYSIA,22,ERROR,,,,,,
PMM2025_R16_WD_GO PEI KEE & TEOH MEI XING (MAS) - JIA YI FAN & ZHANG SHU XIAN (CHN),1482.597606097,4.0,MALAYSIA,23,ERROR,,,,,,
PMM2025_R16_WD_GO PEI KEE & TEOH MEI XING (MAS) - JIA YI FAN & ZHANG SHU XIAN (CHN),1508.299849483,4.0,MALAYSIA,24,ERROR,,,,,,
PMM2025_R16_WD_GO PEI KEE & TEOH MEI XING (MAS) - JIA YI FAN & ZHANG SHU XIAN (CHN),1618.884438035,4.0,MALAYSIA,25,ERROR,,,,,,
PMM2025_R16_WD_GO PEI KEE & TEOH MEI XING (MAS) - JIA YI FAN & ZHANG SHU XIAN (CHN),1637.795292435,4.0,MALAYSIA,26,WINNER,,,,,,
PMM2025_R16_WD_GO PEI KEE & TEOH MEI XING (MAS) - JIA YI FAN & ZHANG SHU XIAN (CHN),1664.284077986,4.0,MALAYSIA,27,ERROR,,,,,,
PMM2025_R16_WD_GO PEI KEE & TEOH MEI XING (MAS) - JIA YI FAN & ZHANG SHU XIAN (CHN),1695.164794774,4.0,MALAYSIA,28,ERROR,,,,,,
PMM2025_R16_WD_GO PEI KEE & TEOH MEI XING (MAS) - JIA YI FAN & ZHANG SHU XIAN (CHN),1714.979061576,4.0,MALAYSIA,29,ERROR,,,,,,
PMM2025_R16_WD_GO PEI KEE & TEOH MEI XING (MAS) - JIA YI FAN & ZHANG SHU XIAN (CHN),1733.106418911,4.0,MALAYSIA,30,WINNER,,,,,,
PMM2025_R16_WD_GO PEI KEE & TEOH MEI XING (MAS) - JIA YI FAN & ZHANG SHU XIAN (CHN),1805.163161938,4.0,MALAYSIA,31,WINNER,,,,,,
PMM2025_R16_WD_GO PEI KEE & TEOH MEI XING (MAS) - JIA YI FAN & ZHANG SHU XIAN (CHN),1905.133024898,4.0,MALAYSIA,32,ERROR,,,,,,
PMM2025_R16_WD_GO PEI KEE & TEOH MEI XING (MAS) - JIA YI FAN & ZHANG SHU XIAN (CHN),1931.264147371,4.0,MALAYSIA,33,WINNER,,,,,,
PMM2025_R16_WD_GO PEI KEE & TEOH MEI XING (MAS) - JIA YI FAN & ZHANG SHU XIAN (CHN),2131.353333333,4.0,MALAYSIA,34,ERROR,,,,,,
PMM2025_R16_WD_GO PEI KEE & TEOH MEI XING (MAS) - JIA YI FAN & ZHANG SHU XIAN (CHN),2214.673333333,4.0,MALAYSIA,35,ERROR,,,,,,
PMM2025_R16_WD_GO PEI KEE & TEOH MEI XING (MAS) - JIA YI FAN & ZHANG SHU XIAN (CHN),59.772564419902494,3.2207689130975155,block,1,,GO PEI KEE,Cross,Forehand,,,
PMM2025_R16_WD_GO PEI KEE & TEOH MEI XING (MAS) - JIA YI FAN & ZHANG SHU XIAN (CHN),252.52870451,4.0,block,2,,JIA YI FAN,Straight,Forehand,,,
PMM2025_R16_WD_GO PEI KEE & TEOH MEI XING (MAS) - JIA YI FAN & ZHANG SHU XIAN (CHN),443.7860851621334,2.7272481708665737,block,3,,GO PEI KEE,Straight,Backhand,,,
PMM2025_R16_WD_GO PEI KEE & TEOH MEI XING (MAS) - JIA YI FAN & ZHANG SHU XIAN (CHN),1352.892647611,4.0,block,4,,ZHANG SHU XIAN,Straight,Forehand,,,
PMM2025_R16_WD_GO PEI KEE & TEOH MEI XING (MAS) - JIA YI FAN & ZHANG SHU XIAN (CHN),1661.704131278,4.0,block,5,,GO PEI KEE,Straight,Forehand,,,
PMM2025_R16_WD_GO PEI KEE & TEOH MEI XING (MAS) - JIA YI FAN & ZHANG SHU XIAN (CHN),1694.573702001,4.0,block,6,,TEOH MEI XING,Straight,Forehand,,,
PMM2025_R16_WD_GO PEI KEE & TEOH MEI XING (MAS) - JIA YI FAN & ZHANG SHU XIAN (CHN),1803.180113222,4.0,block,7,,TEOH MEI XING,Straight,Forehand,,,
PMM2025_R16_WD_GO PEI KEE & TEOH MEI XING (MAS) - JIA YI FAN & ZHANG SHU XIAN (CHN),1845.43625367,4.0,block,8,,JIA YI FAN,Cross,Forehand,,,
PMM2025_R16_WD_GO PEI KEE & TEOH MEI XING (MAS) - JIA YI FAN & ZHANG SHU XIAN (CHN),2215.075628199,4.0,block,9,,TEOH MEI XING,Straight,Forehand,,,
PMM2025_R16_WD_GO PEI KEE & TEOH MEI XING (MAS) - JIA YI FAN & ZHANG SHU XIAN (CHN),408.82507247,4.0,clear,1,,TEOH MEI XING,Straight,Forehand,,,
PMM2025_R16_WD_GO PEI KEE & TEOH MEI XING (MAS) - JIA YI FAN & ZHANG SHU XIAN (CHN),445.315775572,4.0,clear,2,,TEOH MEI XING,Straight,Backhand,,,
PMM2025_R16_WD_GO PEI KEE & TEOH MEI XING (MAS) - JIA YI FAN & ZHANG SHU XIAN (CHN),619.999921896,4.0,clear,3,,GO PEI KEE,Straight,Forehand,,,
PMM2025_R16_WD_GO PEI KEE & TEOH MEI XING (MAS) - JIA YI FAN & ZHANG SHU XIAN (CHN),660.633022467,4.0,clear,4,,GO PEI KEE,Straight,Backhand,,,
PMM2025_R16_WD_GO PEI KEE & TEOH MEI XING (MAS) - JIA YI FAN & ZHANG SHU XIAN (CHN),1039.072547581,4.0,clear,5,,JIA YI FAN,Cross,Forehand,,,
PMM2025_R16_WD_GO PEI KEE & TEOH MEI XING (MAS) - JIA YI FAN & ZHANG SHU XIAN (CHN),1150.890889167,4.0,clear,6,,ZHANG SHU XIAN,Straight,Forehand,,,
PMM2025_R16_WD_GO PEI KEE & TEOH MEI XING (MAS) - JIA YI FAN & ZHANG SHU XIAN (CHN),1176.298677353,4.0,clear,7,,TEOH MEI XING,Straight,Forehand,,,
PMM2025_R16_WD_GO PEI KEE & TEOH MEI XING (MAS) - JIA YI FAN & ZHANG SHU XIAN (CHN),1201.345909938,4.0,clear,8,,ZHANG SHU XIAN,Straight,Forehand,,,
PMM2025_R16_WD_GO PEI KEE & TEOH MEI XING (MAS) - JIA YI FAN & ZHANG SHU XIAN (CHN),1264.829621828,4.0,clear,9,,GO PEI KEE,Cross,Backhand,,,
PMM2025_R16_WD_GO PEI KEE & TEOH MEI XING (MAS) - JIA YI FAN & ZHANG SHU XIAN (CHN),1443.67691005,4.0,clear,10,,TEOH MEI XING,Straight,Forehand,,,
PMM2025_R16_WD_GO PEI KEE & TEOH MEI XING (MAS) - JIA YI FAN & ZHANG SHU XIAN (CHN),1507.038739689,4.0,clear,11,,GO PEI KEE,Cross,Backhand,,,
PMM2025_R16_WD_GO PEI KEE & TEOH MEI XING (MAS) - JIA YI FAN & ZHANG SHU XIAN (CHN),1530.633333333,4.0,clear,12,,ZHANG SHU XIAN,Straight,Backhand,,,
PMM2025_R16_WD_GO PEI KEE & TEOH MEI XING (MAS) - JIA YI FAN & ZHANG SHU XIAN (CHN),1903.357657588,4.0,clear,13,,GO PEI KEE,Straight,Backhand,,,
PMM2025_R16_WD_GO PEI KEE & TEOH MEI XING (MAS) - JIA YI FAN & ZHANG SHU XIAN (CHN),2130.116436595,4.0,clear,14,,GO PEI KEE,Straight,Backhand,,,
PMM2025_R16_WD_GO PEI KEE & TEOH MEI XING (MAS) - JIA YI FAN & ZHANG SHU XIAN (CHN),94.10594199,4.0,defend,1,,GO PEI KEE,Cross,Forehand,,,
PMM2025_R16_WD_GO PEI KEE & TEOH MEI XING (MAS) - JIA YI FAN & ZHANG SHU XIAN (CHN),133.99507823,4.0,defend,2,,TEOH MEI XING,Straight,Backhand,,,
PMM2025_R16_WD_GO PEI KEE & TEOH MEI XING (MAS) - JIA YI FAN & ZHANG SHU XIAN (CHN),135.036604337,4.0,defend,3,,TEOH MEI XING,Cross,Backhand,,,
PMM2025_R16_WD_GO PEI KEE & TEOH MEI XING (MAS) - JIA YI FAN & ZHANG SHU XIAN (CHN),311.633333333,4.0,defend,4,,TEOH MEI XING,Straight,Backhand,,,
PMM2025_R16_WD_GO PEI KEE & TEOH MEI XING (MAS) - JIA YI FAN & ZHANG SHU XIAN (CHN),313.052460257,4.0,defend,5,,TEOH MEI XING,Straight,Backhand,,,
PMM2025_R16_WD_GO PEI KEE & TEOH MEI XING (MAS) - JIA YI FAN & ZHANG SHU XIAN (CHN),550.311934396,4.0,defend,6,,TEOH MEI XING,Straight,Backhand,,,
PMM2025_R16_WD_GO PEI KEE & TEOH MEI XING (MAS) - JIA YI FAN & ZHANG SHU XIAN (CHN),552.232334489,4.0,defend,7,,TEOH MEI XING,Cross,Forehand,,,
PMM2025_R16_WD_GO PEI KEE & TEOH MEI XING (MAS) - JIA YI FAN & ZHANG SHU XIAN (CHN),622.174932339,4.0,defend,8,,TEOH MEI XING,Straight,Backhand,,,
PMM2025_R16_WD_GO PEI KEE & TEOH MEI XING (MAS) - JIA YI FAN & ZHANG SHU XIAN (CHN),662.534005625,4.0,defend,9,,GO PEI KEE,Straight,Backhand,,,
PMM2025_R16_WD_GO PEI KEE & TEOH MEI XING (MAS) - JIA YI FAN & ZHANG SHU XIAN (CHN),705.3036606,4.0,defend,10,,ZHANG SHU XIAN,Cross,Forehand,,,
PMM2025_R16_WD_GO PEI KEE & TEOH MEI XING (MAS) - JIA YI FAN & ZHANG SHU XIAN (CHN),706.892854562,4.0,defend,11,,JIA YI FAN,Straight,Backhand,,,
PMM2025_R16_WD_GO PEI KEE & TEOH MEI XING (MAS) - JIA YI FAN & ZHANG SHU XIAN (CHN),759.800621379,4.0,defend,12,,TEOH MEI XING,Straight,Forehand,,,
PMM2025_R16_WD_GO PEI KEE & TEOH MEI XING (MAS) - JIA YI FAN & ZHANG SHU XIAN (CHN),762.167197464,4.0,defend,13,,GO PEI KEE,Cross,Forehand,,,
PMM2025_R16_WD_GO PEI KEE & TEOH MEI XING (MAS) - JIA YI FAN & ZHANG SHU XIAN (CHN),789.747453557,4.0,defend,14,,JIA YI FAN,Straight,Backhand,,,
PMM2025_R16_WD_GO PEI KEE & TEOH MEI XING (MAS) - JIA YI FAN & ZHANG SHU XIAN (CHN),871.156041311,4.0,defend,15,,TEOH MEI XING,Straight,Backhand,,,
PMM2025_R16_WD_GO PEI KEE & TEOH MEI XING (MAS) - JIA YI FAN & ZHANG SHU XIAN (CHN),873.353592306,4.0,defend,16,,TEOH MEI XING,Cross,Backhand,,,
PMM2025_R16_WD_GO PEI KEE & TEOH MEI XING (MAS) - JIA YI FAN & ZHANG SHU XIAN (CHN),1040.013988575,4.0,defend,17,,ZHANG SHU XIAN,Straight,Forehand,,,
PMM2025_R16_WD_GO PEI KEE & TEOH MEI XING (MAS) - JIA YI FAN & ZHANG SHU XIAN (CHN),1102.753333333,4.0,defend,18,,TEOH MEI XING,Straight,Overhead,,,
PMM2025_R16_WD_GO PEI KEE & TEOH MEI XING (MAS) - JIA YI FAN & ZHANG SHU XIAN (CHN),1103.753333333,4.0,defend,19,,TEOH MEI XING,Cross,Backhand,,,
PMM2025_R16_WD_GO PEI KEE & TEOH MEI XING (MAS) - JIA YI FAN & ZHANG SHU XIAN (CHN),1153.097408067,4.0,defend,20,,ZHANG SHU XIAN,Straight,Forehand,,,
PMM2025_R16_WD_GO PEI KEE & TEOH MEI XING (MAS) - JIA YI FAN & ZHANG SHU XIAN (CHN),1173.096684042,4.0,defend,21,,TEOH MEI XING,Straight,Backhand,,,
PMM2025_R16_WD_GO PEI KEE & TEOH MEI XING (MAS) - JIA YI FAN & ZHANG SHU XIAN (CHN),1508.259324597,4.0,defend,22,,TEOH MEI XING,Straight,Backhand,,,
PMM2025_R16_WD_GO PEI KEE & TEOH MEI XING (MAS) - JIA YI FAN & ZHANG SHU XIAN (CHN),1713.170346054,4.0,defend,23,,TEOH MEI XING,Straight,Forehand,,,
PMM2025_R16_WD_GO PEI KEE & TEOH MEI XING (MAS) - JIA YI FAN & ZHANG SHU XIAN (CHN),1714.834207909,4.0,defend,24,,GO PEI KEE,Straight,Forehand,,,
PMM2025_R16_WD_GO PEI KEE & TEOH MEI XING (MAS) - JIA YI FAN & ZHANG SHU XIAN (CHN),1904.733597025,4.0,defend,25,,GO PEI KEE,Straight,Backhand,,,
PMM2025_R16_WD_GO PEI KEE & TEOH MEI XING (MAS) - JIA YI FAN & ZHANG SHU XIAN (CHN),2040.292500399,4.0,defend,26,,JIA YI FAN,Straight,Backhand,,,
PMM2025_R16_WD_GO PEI KEE & TEOH MEI XING (MAS) - JIA YI FAN & ZHANG SHU XIAN (CHN),2131.353333333,4.0,defend,27,,GO PEI KEE,Straight,Backhand,,,
PMM2025_R16_WD_GO PEI KEE & TEOH MEI XING (MAS) - JIA YI FAN & ZHANG SHU XIAN (CHN),59.53175797276299,2.7015753602370154,S.drive,1,,TEOH MEI XING,Straight,Backhand,,,
PMM2025_R16_WD_GO PEI KEE & TEOH MEI XING (MAS) - JIA YI FAN & ZHANG SHU XIAN (CHN),294.1440756673214,3.004139268678614,S.drive,2,,ZHANG SHU XIAN,Cross,Forehand,,,
PMM2025_R16_WD_GO PEI KEE & TEOH MEI XING (MAS) - JIA YI FAN & ZHANG SHU XIAN (CHN),1262.309861849,4.0,S.drive,3,,GO PEI KEE,Cross,Forehand,,,
PMM2025_R16_WD_GO PEI KEE & TEOH MEI XING (MAS) - JIA YI FAN & ZHANG SHU XIAN (CHN),1418.553333333,4.0,S.drive,4,,JIA YI FAN,Cross,Backhand,,,
PMM2025_R16_WD_GO PEI KEE & TEOH MEI XING (MAS) - JIA YI FAN & ZHANG SHU XIAN (CHN),2214.6606654903585,3.2762686236414993,S.drive,5,,TEOH MEI XING,Straight,Backhand,,,
PMM2025_R16_WD_GO PEI KEE & TEOH MEI XING (MAS) - JIA YI FAN & ZHANG SHU XIAN (CHN),41.980872309,4.0,H.drive,1,,JIA YI FAN,Straight,Forehand,,,
PMM2025_R16_WD_GO PEI KEE & TEOH MEI XING (MAS) - JIA YI FAN & ZHANG SHU XIAN (CHN),276.90369271,4.0,H.drive,2,,JIA YI FAN,Straight,Forehand,,,
PMM2025_R16_WD_GO PEI KEE & TEOH MEI XING (MAS) - JIA YI FAN & ZHANG SHU XIAN (CHN),294.393054729,4.0,H.drive,3,,JIA YI FAN,Straight,Forehand,,,
PMM2025_R16_WD_GO PEI KEE & TEOH MEI XING (MAS) - JIA YI FAN & ZHANG SHU XIAN (CHN),410.804394262,4.0,H.drive,4,,TEOH MEI XING,Cross,Forehand,,,
PMM2025_R16_WD_GO PEI KEE & TEOH MEI XING (MAS) - JIA YI FAN & ZHANG SHU XIAN (CHN),843.024082371,4.0,H.drive,5,,JIA YI FAN,Straight,Backhand,,,
PMM2025_R16_WD_GO PEI KEE & TEOH MEI XING (MAS) - JIA YI FAN & ZHANG SHU XIAN (CHN),1011.039702492,4.0,H.drive,6,,ZHANG SHU XIAN,Cross,Forehand,,,
PMM2025_R16_WD_GO PEI KEE & TEOH MEI XING (MAS) - JIA YI FAN & ZHANG SHU XIAN (CHN),1012.309625954,4.0,H.drive,7,,ZHANG SHU XIAN,Straight,Forehand,,,
PMM2025_R16_WD_GO PEI KEE & TEOH MEI XING (MAS) - JIA YI FAN & ZHANG SHU XIAN (CHN),1203.356439904,4.0,H.drive,8,,ZHANG SHU XIAN,Straight,Forehand,,,
PMM2025_R16_WD_GO PEI KEE & TEOH MEI XING (MAS) - JIA YI FAN & ZHANG SHU XIAN (CHN),1532.063535335,4.0,H.drive,9,,ZHANG SHU XIAN,Cross,Overhead,,,
PMM2025_R16_WD_GO PEI KEE & TEOH MEI XING (MAS) - JIA YI FAN & ZHANG SHU XIAN (CHN),1843.721905854,4.0,H.drive,10,,ZHANG SHU XIAN,Cross,Backhand,,,
PMM2025_R16_WD_GO PEI KEE & TEOH MEI XING (MAS) - JIA YI FAN & ZHANG SHU XIAN (CHN),1979.208111929,4.0,H.drive,11,,ZHANG SHU XIAN,Straight,Forehand,,,
PMM2025_R16_WD_GO PEI KEE & TEOH MEI XING (MAS) - JIA YI FAN & ZHANG SHU XIAN (CHN),2177.621724335,4.0,H.drive,12,,JIA YI FAN,Straight,Backhand,,,
PMM2025_R16_WD_GO PEI KEE & TEOH MEI XING (MAS) - JIA YI FAN & ZHANG SHU XIAN (CHN),336.670422495,4.0,drop,1,,ZHANG SHU XIAN,Cross,Forehand,,,
PMM2025_R16_WD_GO PEI KEE & TEOH MEI XING (MAS) - JIA YI FAN & ZHANG SHU XIAN (CHN),1767.904283756,4.0,drop,2,,ZHANG SHU XIAN,Straight,Forehand,,,
PMM2025_R16_WD_GO PEI KEE & TEOH MEI XING (MAS) - JIA YI FAN & ZHANG SHU XIAN (CHN),1060.477782125,4.0,lob,1,,TEOH MEI XING,Straight,Forehand,,,
PMM2025_R16_WD_GO PEI KEE & TEOH MEI XING (MAS) - JIA YI FAN & ZHANG SHU XIAN (CHN),1440.871290526,4.0,lob,2,,TEOH MEI XING,Straight,Forehand,,,
PMM2025_R16_WD_GO PEI KEE & TEOH MEI XING (MAS) - JIA YI FAN & ZHANG SHU XIAN (CHN),2038.656278421,4.0,lob,3,,JIA YI FAN,Straight,Forehand,,,
PMM2025_R16_WD_GO PEI KEE & TEOH MEI XING (MAS) - JIA YI FAN & ZHANG SHU XIAN (CHN),40.040069951,4.0,net,1,,ZHANG SHU XIAN,Straight,Forehand,,,
PMM2025_R16_WD_GO PEI KEE & TEOH MEI XING (MAS) - JIA YI FAN & ZHANG SHU XIAN (CHN),1977.172706408,4.0,net,2,,JIA YI FAN,Straight,Backhand,,,
PMM2025_R16_WD_GO PEI KEE & TEOH MEI XING (MAS) - JIA YI FAN & ZHANG SHU XIAN (CHN),96.201745546,4.0,smash,1,,TEOH MEI XING,Straight,Forehand,,,
PMM2025_R16_WD_GO PEI KEE & TEOH MEI XING (MAS) - JIA YI FAN & ZHANG SHU XIAN (CHN),233.752395056,4.0,smash,2,,JIA YI FAN,Cross,Forehand,,,
PMM2025_R16_WD_GO PEI KEE & TEOH MEI XING (MAS) - JIA YI FAN & ZHANG SHU XIAN (CHN),275.398056738,4.0,smash,3,,ZHANG SHU XIAN,Straight,Overhead,,,
PMM2025_R16_WD_GO PEI KEE & TEOH MEI XING (MAS) - JIA YI FAN & ZHANG SHU XIAN (CHN),530.873333333,4.0,smash,4,,TEOH MEI XING,Straight,Forehand,,,
PMM2025_R16_WD_GO PEI KEE & TEOH MEI XING (MAS) - JIA YI FAN & ZHANG SHU XIAN (CHN),532.443629602,4.0,smash,5,,GO PEI KEE,Cross,Overhead,,,
PMM2025_R16_WD_GO PEI KEE & TEOH MEI XING (MAS) - JIA YI FAN & ZHANG SHU XIAN (CHN),585.361076785,4.0,smash,6,,ZHANG SHU XIAN,Straight,Forehand,,,
PMM2025_R16_WD_GO PEI KEE & TEOH MEI XING (MAS) - JIA YI FAN & ZHANG SHU XIAN (CHN),587.141744493,4.0,smash,7,,JIA YI FAN,Straight,Forehand,,,
PMM2025_R16_WD_GO PEI KEE & TEOH MEI XING (MAS) - JIA YI FAN & ZHANG SHU XIAN (CHN),824.468871292,4.0,smash,8,,JIA YI FAN,Straight,Overhead,,,
PMM2025_R16_WD_GO PEI KEE & TEOH MEI XING (MAS) - JIA YI FAN & ZHANG SHU XIAN (CHN),825.593333333,4.0,smash,9,,JIA YI FAN,Cross,Forehand,,,
PMM2025_R16_WD_GO PEI KEE & TEOH MEI XING (MAS) - JIA YI FAN & ZHANG SHU XIAN (CHN),844.545258178,4.0,smash,10,,JIA YI FAN,Cross,Overhead,,,
PMM2025_R16_WD_GO PEI KEE & TEOH MEI XING (MAS) - JIA YI FAN & ZHANG SHU XIAN (CHN),1312.098988868,4.0,smash,11,,ZHANG SHU XIAN,Straight,Overhead,,,
PMM2025_R16_WD_GO PEI KEE & TEOH MEI XING (MAS) - JIA YI FAN & ZHANG SHU XIAN (CHN),1351.452698434,4.0,smash,12,,JIA YI FAN,Cross,Overhead,,,
PMM2025_R16_WD_GO PEI KEE & TEOH MEI XING (MAS) - JIA YI FAN & ZHANG SHU XIAN (CHN),1419.841642362,4.0,smash,13,,ZHANG SHU XIAN,Cross,Forehand,,,
PMM2025_R16_WD_GO PEI KEE & TEOH MEI XING (MAS) - JIA YI FAN & ZHANG SHU XIAN (CHN),1616.858438021,4.0,smash,14,,TEOH MEI XING,Straight,Overhead,,,
PMM2025_R16_WD_GO PEI KEE & TEOH MEI XING (MAS) - JIA YI FAN & ZHANG SHU XIAN (CHN),1618.843883676,4.0,smash,15,,TEOH MEI XING,Cross,Forehand,,,
PMM2025_R16_WD_GO PEI KEE & TEOH MEI XING (MAS) - JIA YI FAN & ZHANG SHU XIAN (CHN),1636.579869712,4.0,smash,16,,GO PEI KEE,Cross,Forehand,,,
PMM2025_R16_WD_GO PEI KEE & TEOH MEI XING (MAS) - JIA YI FAN & ZHANG SHU XIAN (CHN),1637.61815773,4.0,smash,17,,TEOH MEI XING,Cross,Forehand,,,
PMM2025_R16_WD_GO PEI KEE & TEOH MEI XING (MAS) - JIA YI FAN & ZHANG SHU XIAN (CHN),1663.982957584,4.0,smash,18,,GO PEI KEE,Straight,Overhead,,,
PMM2025_R16_WD_GO PEI KEE & TEOH MEI XING (MAS) - JIA YI FAN & ZHANG SHU XIAN (CHN),1693.465441301,4.0,smash,19,,GO PEI KEE,Cross,Overhead,,,
PMM2025_R16_WD_GO PEI KEE & TEOH MEI XING (MAS) - JIA YI FAN & ZHANG SHU XIAN (CHN),1769.706868081,4.0,smash,20,,ZHANG SHU XIAN,Straight,Overhead,,,
PMM2025_R16_WD_GO PEI KEE & TEOH MEI XING (MAS) - JIA YI FAN & ZHANG SHU XIAN (CHN),1805.293511939,4.0,smash,21,,GO PEI KEE,Cross,Forehand,,,
PMM2025_R16_WD_GO PEI KEE & TEOH MEI XING (MAS) - JIA YI FAN & ZHANG SHU XIAN (CHN),234.473333333,4.0,tap,1,,JIA YI FAN,Straight,Forehand,,,
PMM2025_R16_WD_GO PEI KEE & TEOH MEI XING (MAS) - JIA YI FAN & ZHANG SHU XIAN (CHN),253.79333333300002,4.0,tap,2,,JIA YI FAN,Straight,Forehand,,,
PMM2025_R16_WD_GO PEI KEE & TEOH MEI XING (MAS) - JIA YI FAN & ZHANG SHU XIAN (CHN),338.295398159,4.0,tap,3,,JIA YI FAN,Straight,Forehand,,,
PMM2025_R16_WD_GO PEI KEE & TEOH MEI XING (MAS) - JIA YI FAN & ZHANG SHU XIAN (CHN),791.073333333,4.0,tap,4,,ZHANG SHU XIAN,Straight,Forehand,,,
PMM2025_R16_WD_GO PEI KEE & TEOH MEI XING (MAS) - JIA YI FAN & ZHANG SHU XIAN (CHN),1062.285058886,4.0,tap,5,,TEOH MEI XING,Cross,Forehand,,,
PMM2025_R16_WD_GO PEI KEE & TEOH MEI XING (MAS) - JIA YI FAN & ZHANG SHU XIAN (CHN),1313.351506753,4.0,tap,6,,JIA YI FAN,Cross,Forehand,,,
PMM2025_R16_WD_GO PEI KEE & TEOH MEI XING (MAS) - JIA YI FAN & ZHANG SHU XIAN (CHN),199.372380556,4.0,SERVE,1,,JIA YI FAN,,,,,
PMM2025_R16_WD_GO PEI KEE & TEOH MEI XING (MAS) - JIA YI FAN & ZHANG SHU XIAN (CHN),2175.818166914,4.0,SERVE,2,,ZHANG SHU XIAN,,,,,
PMM2025_R16_WD_GO PEI KEE & TEOH MEI XING (MAS) - JIA YI FAN & ZHANG SHU XIAN (CHN),213.839168372,4.0,RECEIVE SERVES,1,,GO PEI KEE,,,,,
PMM2025_R16_WD_GO PEI KEE & TEOH MEI XING (MAS) - JIA YI FAN & ZHANG SHU XIAN (CHN),638.503462515,4.0,RECEIVE SERVES,2,,TEOH MEI XING,,,,,
PMM2025_R16_WD_GO PEI KEE & TEOH MEI XING (MAS) - JIA YI FAN & ZHANG SHU XIAN (CHN),808.392710098,4.0,RECEIVE SERVES,3,,GO PEI KEE,,,,,
PMM2025_R16_WD_GO PEI KEE & TEOH MEI XING (MAS) - JIA YI FAN & ZHANG SHU XIAN (CHN),1131.50706505,4.0,RECEIVE SERVES,4,,GO PEI KEE,,,,,
PMM2025_R16_WD_GO PEI KEE & TEOH MEI XING (MAS) - JIA YI FAN & ZHANG SHU XIAN (CHN),1330.107519521,4.0,RECEIVE SERVES,5,,TEOH MEI XING,,,,,
PMM2025_R16_WD_GO PEI KEE & TEOH MEI XING (MAS) - JIA YI FAN & ZHANG SHU XIAN (CHN),1482.250328263,4.0,RECEIVE SERVES,6,,GO PEI KEE,,,,,
PMM2025_R16_WD_GO PEI KEE & TEOH MEI XING (MAS) - JIA YI FAN & ZHANG SHU XIAN (CHN),1732.646949127,4.0,RECEIVE SERVES,7,,TEOH MEI XING,,,,,
PMM2025_R16_WD_GO PEI KEE & TEOH MEI XING (MAS) - JIA YI FAN & ZHANG SHU XIAN (CHN),1929.962584705,4.0,RECEIVE SERVES,8,,GO PEI KEE,,,,,
PMM2025_R16_WD_GO PEI KEE & TEOH MEI XING (MAS) - JIA YI FAN & ZHANG SHU XIAN (CHN),1999.656351678648,3.2235244783521466,RECEIVE SERVES,9,,ZHANG SHU XIAN,,,,,